bpm,sdnn,rmssd,hr_mad,lf,hf,lf/hf,rsa
63.57027089604075,43.33319775505399,34.44301367227329,12.019230769230717,0.2471558779393452,0.1679423166448733,1.471671243299418,-1.7841347118424458
61.97392923649906,58.14231710870938,39.485921255647625,50.48076923076934,5.443605701712715,1.40553714405535,3.8729717850119987,0.3404195386604606
82.34000439850448,12.221587157011287,8.94836141538143,7.211538461538453,0.11514977614968994,0.06600910298532935,1.7444529760581993,-2.7179626224462132
82.64900662251654,14.753167179104132,9.724036477835195,10.817307692307622,0.04366308231089569,0.04240100466432034,1.0297652769448966,-3.1605832221117294
81.8360655737705,8.791309398033553,9.412932792043895,7.21153846153851,9.384410393058184,2.4006337011325325,3.909138819733705,0.8757327446394646
80.01831921227387,10.13631328512735,10.307039577937724,7.211538461538339,4.2561438374636085,2.0735936703294957,2.0525447672625776,0.7292831746680228
80.03664681630782,21.61280079335106,22.14230096008566,13.221153846153811,2.292932940632403,1.6083827783863514,1.4256139592173718,0.47522918868842795
